Letter|Finished|TACE|Unicode11 |Unicode12|Unicode13|Unicode21|Unicode22|Unicode23|utf8_tace16_addend
அ|X|0xE201|0xe0|0xae|0x85||||0
ஆ|X|0xE202|0xe0|0xae|0x86||||0
இ|X|0xE203|0xe0|0xae|0x87||||0
ஈ|X|0xE204|0xe0|0xae|0x88||||0
உ|X|0xE205|0xe0|0xae|0x89||||0
ஊ|X|0xE206|0xe0|0xae|0x8a||||0
எ|X|0xE207|0xe0|0xae|0x8e||||0
ஏ|X|0xE208|0xe0|0xae|0x8f||||0
ஐ|X|0xE209|0xe0|0xae|0x90||||0
ஒ|X|0xE20A|0xe0|0xae|0x92||||9
ஓ|X|0xE20B|0xe0|0xae|0x93||||0
ஔ|X|0xE20C|0xe0|0xae|0x94||||0
ஃ|X|0xE20D|0xe0|0xae|0x83||||0
க்|X|0xE210|0xe0|0xae|0x95|0xe0|0xaf|0x8d|-1
க|X|0xE211|0xe0|0xae|0x95||||0
கா|X|0xE212|0xe0|0xae|0x95|0xe0|0xae|0xbe|1
கி|X|0xE213|0xe0|0xae|0x95|0xe0|0xae|0xbf|2
கீ|X|0xE214|0xe0|0xae|0x95|0xe0|0xaf|0x80|3
கு|X|0xE215|0xe0|0xae|0x95|0xe0|0xaf|0x81|4
கூ|X|0xE216|0xe0|0xae|0x95|0xe0|0xaf|0x82|5
கெ|X|0xE217|0xe0|0xae|0x95|0xe0|0xaf|0x86|6
கே|X|0xE218|0xe0|0xae|0x95|0xe0|0xaf|0x87|7
கை|X|0xE219|0xe0|0xae|0x95|0xe0|0xaf|0x88|8
கொ|X|0xE21A|0xe0|0xae|0x95|0xe0|0xaf|0x8a|9
கோ|X|0xE21B|0xe0|0xae|0x95|0xe0|0xaf|0x8b|10
கௌ|X|0xE21C|0xe0|0xae|0x95|0xe0|0xaf|0x8c|11
ங்|X|0xE220|0xe0|0xae|0x99|0xe0|0xaf|0x8d|-1
ங|X|0xE221|0xe0|0xae|0x99||||0
ஙா|X|0xE222|0xe0|0xae|0x99|0xe0|0xae|0xbe|1
ஙி|X|0xE223|0xe0|0xae|0x99|0xe0|0xae|0xbf|2
ஙீ|X|0xE224|0xe0|0xae|0x99|0xe0|0xaf|0x80|3
ஙு|X|0xE225|0xe0|0xae|0x99|0xe0|0xaf|0x81|4
ஙூ|X|0xE226|0xe0|0xae|0x99|0xe0|0xaf|0x82|5
ஙெ|X|0xE227|0xe0|0xae|0x99|0xe0|0xaf|0x86|6
ஙே|X|0xE228|0xe0|0xae|0x99|0xe0|0xaf|0x87|7
ஙை|X|0xE229|0xe0|0xae|0x99|0xe0|0xaf|0x88|8
ஙொ|X|0xE22A|0xe0|0xae|0x99|0xe0|0xaf|0x8a|9
ஙோ|X|0xE22B|0xe0|0xae|0x99|0xe0|0xaf|0x8b|10
ஙௌ|X|0xE22C|0xe0|0xae|0x99|0xe0|0xaf|0x8c|11
ச்|X|0xE230|0xe0|0xae|0x9a|0xe0|0xaf|0x8d|-1
ச|X|0xE231|0xe0|0xae|0x9a||||0
சா|X|0xE232|0xe0|0xae|0x9a|0xe0|0xae|0xbe|1
சி|X|0xE233|0xe0|0xae|0x9a|0xe0|0xae|0xbf|2
சீ|X|0xE234|0xe0|0xae|0x9a|0xe0|0xaf|0x80|3
சு|X|0xE235|0xe0|0xae|0x9a|0xe0|0xaf|0x81|4
சூ|X|0xE236|0xe0|0xae|0x9a|0xe0|0xaf|0x82|5
செ|X|0xE237|0xe0|0xae|0x9a|0xe0|0xaf|0x86|6
சே|X|0xE238|0xe0|0xae|0x9a|0xe0|0xaf|0x87|7
சை|X|0xE239|0xe0|0xae|0x9a|0xe0|0xaf|0x88|8
சொ|X|0xE23A|0xe0|0xae|0x9a|0xe0|0xaf|0x8a|9
சோ|X|0xE23B|0xe0|0xae|0x9a|0xe0|0xaf|0x8b|10
சௌ|X|0xE23C|0xe0|0xae|0x9a|0xe0|0xaf|0x8c|11
ஞ்|X|0xE240|0xe0|0xae|0x9e|0xe0|0xaf|0x8d|-1
ஞ|X|0xE241|0xe0|0xae|0x9e||||0
ஞா|X|0xE242|0xe0|0xae|0x9e|0xe0|0xae|0xbe|1
ஞி|X|0xE243|0xe0|0xae|0x9e|0xe0|0xae|0xbf|2
ஞீ|X|0xE244|0xe0|0xae|0x9e|0xe0|0xaf|0x80|3
ஞு|X|0xE245|0xe0|0xae|0x9e|0xe0|0xaf|0x81|4
ஞூ|X|0xE246|0xe0|0xae|0x9e|0xe0|0xaf|0x82|5
ஞெ|X|0xE247|0xe0|0xae|0x9e|0xe0|0xaf|0x86|6
ஞே|X|0xE248|0xe0|0xae|0x9e|0xe0|0xaf|0x87|7
ஞை|X|0xE249|0xe0|0xae|0x9e|0xe0|0xaf|0x88|8
ஞொ|X|0xE24A|0xe0|0xae|0x9e|0xe0|0xaf|0x8a|9
ஞோ|X|0xE24B|0xe0|0xae|0x9e|0xe0|0xaf|0x8b|10
ஞௌ|X|0xE24C|0xe0|0xae|0x9e|0xe0|0xaf|0x8c|11
ட்|X|0xE250|0xe0|0xae|0x9f|0xe0|0xaf|0x8d|-1
ட|X|0xE251|0xe0|0xae|0x9f||||0
டா|X|0xE252|0xe0|0xae|0x9f|0xe0|0xae|0xbe|1
டி|X|0xE253|0xe0|0xae|0x9f|0xe0|0xae|0xbf|2
டீ|X|0xE254|0xe0|0xae|0x9f|0xe0|0xaf|0x80|3
டு|X|0xE255|0xe0|0xae|0x9f|0xe0|0xaf|0x81|4
டூ|X|0xE256|0xe0|0xae|0x9f|0xe0|0xaf|0x82|5
டெ|X|0xE257|0xe0|0xae|0x9f|0xe0|0xaf|0x86|6
டே|X|0xE258|0xe0|0xae|0x9f|0xe0|0xaf|0x87|7
டை|X|0xE259|0xe0|0xae|0x9f|0xe0|0xaf|0x88|8
டொ|X|0xE25A|0xe0|0xae|0x9f|0xe0|0xaf|0x8a|9
டோ|X|0xE25B|0xe0|0xae|0x9f|0xe0|0xaf|0x8b|10
டௌ|X|0xE25C|0xe0|0xae|0x9f|0xe0|0xaf|0x8c|11
ண்|X|0xE260|0xe0|0xae|0xa3|0xe0|0xaf|0x8d|-1
ண|X|0xE261|0xe0|0xae|0xa3||||0
ணா|X|0xE262|0xe0|0xae|0xa3|0xe0|0xae|0xbe|1
ணி|X|0xE263|0xe0|0xae|0xa3|0xe0|0xae|0xbf|2
ணீ|X|0xE264|0xe0|0xae|0xa3|0xe0|0xaf|0x80|3
ணு|X|0xE265|0xe0|0xae|0xa3|0xe0|0xaf|0x81|4
ணூ|X|0xE266|0xe0|0xae|0xa3|0xe0|0xaf|0x82|5
ணெ|X|0xE267|0xe0|0xae|0xa3|0xe0|0xaf|0x86|6
ணே|X|0xE268|0xe0|0xae|0xa3|0xe0|0xaf|0x87|7
ணை|X|0xE269|0xe0|0xae|0xa3|0xe0|0xaf|0x88|8
ணொ|X|0xE26A|0xe0|0xae|0xa3|0xe0|0xaf|0x8a|9
ணோ|X|0xE26B|0xe0|0xae|0xa3|0xe0|0xaf|0x8b|10
ணௌ|X|0xE26C|0xe0|0xae|0xa3|0xe0|0xaf|0x8c|11
த்|X|0xE270|0xe0|0xae|0xa4|0xe0|0xaf|0x8d|-1
த|X|0xE271|0xe0|0xae|0xa4||||0
தா|X|0xE272|0xe0|0xae|0xa4|0xe0|0xae|0xbe|1
தி|X|0xE273|0xe0|0xae|0xa4|0xe0|0xae|0xbf|2
தீ|X|0xE274|0xe0|0xae|0xa4|0xe0|0xaf|0x80|3
து|X|0xE275|0xe0|0xae|0xa4|0xe0|0xaf|0x81|4
தூ|X|0xE276|0xe0|0xae|0xa4|0xe0|0xaf|0x82|5
தெ|X|0xE277|0xe0|0xae|0xa4|0xe0|0xaf|0x86|6
தே|X|0xE278|0xe0|0xae|0xa4|0xe0|0xaf|0x87|7
தை|X|0xE279|0xe0|0xae|0xa4|0xe0|0xaf|0x88|8
தொ|X|0xE27A|0xe0|0xae|0xa4|0xe0|0xaf|0x8a|9
தோ|X|0xE27B|0xe0|0xae|0xa4|0xe0|0xaf|0x8b|10
தௌ|X|0xE27C|0xe0|0xae|0xa4|0xe0|0xaf|0x8c|11
ந்|X|0xE280|0xe0|0xae|0xa8|0xe0|0xaf|0x8d|-1
ந|X|0xE281|0xe0|0xae|0xa8||||0
நா|X|0xE282|0xe0|0xae|0xa8|0xe0|0xae|0xbe|1
நி|X|0xE283|0xe0|0xae|0xa8|0xe0|0xae|0xbf|2
நீ|X|0xE284|0xe0|0xae|0xa8|0xe0|0xaf|0x80|3
நு|X|0xE285|0xe0|0xae|0xa8|0xe0|0xaf|0x81|4
நூ|X|0xE286|0xe0|0xae|0xa8|0xe0|0xaf|0x82|5
நெ|X|0xE287|0xe0|0xae|0xa8|0xe0|0xaf|0x86|6
நே|X|0xE288|0xe0|0xae|0xa8|0xe0|0xaf|0x87|7
நை|X|0xE289|0xe0|0xae|0xa8|0xe0|0xaf|0x88|8
நொ|X|0xE28A|0xe0|0xae|0xa8|0xe0|0xaf|0x8a|9
நோ|X|0xE28B|0xe0|0xae|0xa8|0xe0|0xaf|0x8b|10
நௌ|X|0xE28C|0xe0|0xae|0xa8|0xe0|0xaf|0x8c|11
ப்|X|0xE290|0xe0|0xae|0xaa|0xe0|0xaf|0x8d|-1
ப|X|0xE291|0xe0|0xae|0xaa||||0
பா|X|0xE292|0xe0|0xae|0xaa|0xe0|0xae|0xbe|1
பி|X|0xE293|0xe0|0xae|0xaa|0xe0|0xae|0xbf|2
பீ|X|0xE294|0xe0|0xae|0xaa|0xe0|0xaf|0x80|3
பு|X|0xE295|0xe0|0xae|0xaa|0xe0|0xaf|0x81|4
பூ|X|0xE296|0xe0|0xae|0xaa|0xe0|0xaf|0x82|5
பெ|X|0xE298|0xe0|0xae|0xaa|0xe0|0xaf|0x86|6
பே|X|0xE299|0xe0|0xae|0xaa|0xe0|0xaf|0x87|7
பை|X|0xE297|0xe0|0xae|0xaa|0xe0|0xaf|0x88|8
பொ|X|0xE29A|0xe0|0xae|0xaa|0xe0|0xaf|0x8a|9
போ|X|0xE29B|0xe0|0xae|0xaa|0xe0|0xaf|0x8b|10
பௌ|X|0xE29C|0xe0|0xae|0xaa|0xe0|0xaf|0x8c|11
ம்|X|0xE2A0|0xe0|0xae|0xae|0xe0|0xaf|0x8d|-1
ம|X|0xE2A1|0xe0|0xae|0xae||||0
மா|X|0xE2A2|0xe0|0xae|0xae|0xe0|0xae|0xbe|1
மி|X|0xE2A3|0xe0|0xae|0xae|0xe0|0xae|0xbf|2
மீ|X|0xE2A4|0xe0|0xae|0xae|0xe0|0xaf|0x80|3
மு|X|0xE2A5|0xe0|0xae|0xae|0xe0|0xaf|0x81|4
மூ|X|0xE2A6|0xe0|0xae|0xae|0xe0|0xaf|0x82|5
மெ|X|0xE2A7|0xe0|0xae|0xae|0xe0|0xaf|0x86|6
மே|X|0xE2A8|0xe0|0xae|0xae|0xe0|0xaf|0x87|7
மை|X|0xE2A9|0xe0|0xae|0xae|0xe0|0xaf|0x88|8
மொ|X|0xE2AA|0xe0|0xae|0xae|0xe0|0xaf|0x8a|9
மோ|X|0xE2AB|0xe0|0xae|0xae|0xe0|0xaf|0x8b|10
மௌ|X|0xE2AC|0xe0|0xae|0xae|0xe0|0xaf|0x8c|11
ய்|X|0xE2B0|0xe0|0xae|0xaf|0xe0|0xaf|0x8d|-1
ய|X|0xE2B1|0xe0|0xae|0xaf||||0
யா|X|0xE2B2|0xe0|0xae|0xaf|0xe0|0xae|0xbe|1
யி|X|0xE2B3|0xe0|0xae|0xaf|0xe0|0xae|0xbf|2
யீ|X|0xE2B4|0xe0|0xae|0xaf|0xe0|0xaf|0x80|3
யு|X|0xE2B5|0xe0|0xae|0xaf|0xe0|0xaf|0x81|4
யூ|X|0xE2B6|0xe0|0xae|0xaf|0xe0|0xaf|0x82|5
யெ|X|0xE2B7|0xe0|0xae|0xaf|0xe0|0xaf|0x86|6
யே|X|0xE2B8|0xe0|0xae|0xaf|0xe0|0xaf|0x87|7
யை|X|0xE2B9|0xe0|0xae|0xaf|0xe0|0xaf|0x88|8
யொ|X|0xE2BA|0xe0|0xae|0xaf|0xe0|0xaf|0x8a|9
யோ|X|0xE2BB|0xe0|0xae|0xaf|0xe0|0xaf|0x8b|10
யௌ|X|0xE2BC|0xe0|0xae|0xaf|0xe0|0xaf|0x8c|11
ர்|X|0xE2C0|0xe0|0xae|0xb0|0xe0|0xaf|0x8d|-1
ர|X|0xE2C1|0xe0|0xae|0xb0||||0
ரா|X|0xE2C2|0xe0|0xae|0xb0|0xe0|0xae|0xbe|1
ரி|X|0xE2C3|0xe0|0xae|0xb0|0xe0|0xae|0xbf|2
ரீ|X|0xE2C4|0xe0|0xae|0xb0|0xe0|0xaf|0x80|3
ரு|X|0xE2C5|0xe0|0xae|0xb0|0xe0|0xaf|0x81|4
ரூ|X|0xE2C6|0xe0|0xae|0xb0|0xe0|0xaf|0x82|5
ரெ|X|0xE2C7|0xe0|0xae|0xb0|0xe0|0xaf|0x86|6
ரே|X|0xE2C8|0xe0|0xae|0xb0|0xe0|0xaf|0x87|7
ரை|X|0xE2C9|0xe0|0xae|0xb0|0xe0|0xaf|0x88|8
ரொ|X|0xE2CA|0xe0|0xae|0xb0|0xe0|0xaf|0x8a|9
ரோ|X|0xE2CB|0xe0|0xae|0xb0|0xe0|0xaf|0x8b|10
ரௌ|X|0xE2CC|0xe0|0xae|0xb0|0xe0|0xaf|0x8c|11
ல்|X|0xE2D0|0xe0|0xae|0xb2|0xe0|0xaf|0x8d|-1
ல|X|0xE2D1|0xe0|0xae|0xb2||||0
லா|X|0xE2D2|0xe0|0xae|0xb2|0xe0|0xae|0xbe|1
லி|X|0xE2D3|0xe0|0xae|0xb2|0xe0|0xae|0xbf|2
லீ|X|0xE2D4|0xe0|0xae|0xb2|0xe0|0xaf|0x80|3
லு|X|0xE2D5|0xe0|0xae|0xb2|0xe0|0xaf|0x81|4
லூ|X|0xE2D6|0xe0|0xae|0xb2|0xe0|0xaf|0x82|5
லெ|X|0xE2D7|0xe0|0xae|0xb2|0xe0|0xaf|0x86|6
லே|X|0xE2D8|0xe0|0xae|0xb2|0xe0|0xaf|0x87|7
லை|X|0xE2D9|0xe0|0xae|0xb2|0xe0|0xaf|0x88|8
லொ|X|0xE2DA|0xe0|0xae|0xb2|0xe0|0xaf|0x8a|9
லோ|X|0xE2DB|0xe0|0xae|0xb2|0xe0|0xaf|0x8b|10
லௌ|X|0xE2DC|0xe0|0xae|0xb2|0xe0|0xaf|0x8c|11
வ்|X|0xE2E0|0xe0|0xae|0xb5|0xe0|0xaf|0x8d|-1
வ|X|0xE2E1|0xe0|0xae|0xb5||||0
வா|X|0xE2E2|0xe0|0xae|0xb5|0xe0|0xae|0xbe|1
வி|X|0xE2E3|0xe0|0xae|0xb5|0xe0|0xae|0xbf|2
வீ|X|0xE2E4|0xe0|0xae|0xb5|0xe0|0xaf|0x80|3
வு|X|0xE2E5|0xe0|0xae|0xb5|0xe0|0xaf|0x81|4
வூ|X|0xE2E6|0xe0|0xae|0xb5|0xe0|0xaf|0x82|5
வெ|X|0xE2E7|0xe0|0xae|0xb5|0xe0|0xaf|0x86|6
வே|X|0xE2E8|0xe0|0xae|0xb5|0xe0|0xaf|0x87|7
வை|X|0xE2E9|0xe0|0xae|0xb5|0xe0|0xaf|0x88|8
வொ|X|0xE2EA|0xe0|0xae|0xb5|0xe0|0xaf|0x8a|9
வோ|X|0xE2EB|0xe0|0xae|0xb5|0xe0|0xaf|0x8b|10
வௌ|X|0xE2EC|0xe0|0xae|0xb5|0xe0|0xaf|0x8c|11
ழ்|X|0xE2F0|0xe0|0xae|0xb4|0xe0|0xaf|0x8d|-1
ழ|X|0xE2F1|0xe0|0xae|0xb4||||0
ழா|X|0xE2F2|0xe0|0xae|0xb4|0xe0|0xae|0xbe|1
ழி|X|0xE2F3|0xe0|0xae|0xb4|0xe0|0xae|0xbf|2
ழீ|X|0xE2F4|0xe0|0xae|0xb4|0xe0|0xaf|0x80|3
ழு|X|0xE2F5|0xe0|0xae|0xb4|0xe0|0xaf|0x81|4
ழூ|X|0xE2F6|0xe0|0xae|0xb4|0xe0|0xaf|0x82|5
ழெ|X|0xE2F7|0xe0|0xae|0xb4|0xe0|0xaf|0x86|6
ழே|X|0xE2F8|0xe0|0xae|0xb4|0xe0|0xaf|0x87|7
ழை|X|0xE2F9|0xe0|0xae|0xb4|0xe0|0xaf|0x88|8
ழொ|X|0xE2FA|0xe0|0xae|0xb4|0xe0|0xaf|0x8a|9
ழோ|X|0xE2FB|0xe0|0xae|0xb4|0xe0|0xaf|0x8b|10
ழௌ|X|0xE2FC|0xe0|0xae|0xb4|0xe0|0xaf|0x8c|11
ள்|X|0xE300|0xe0|0xae|0xb3|0xe0|0xaf|0x8d|-1
ள|X|0xE301|0xe0|0xae|0xb3||||0
ளா|X|0xE302|0xe0|0xae|0xb3|0xe0|0xae|0xbe|1
ளி|X|0xE303|0xe0|0xae|0xb3|0xe0|0xae|0xbf|2
ளீ|X|0xE304|0xe0|0xae|0xb3|0xe0|0xaf|0x80|3
ளு|X|0xE305|0xe0|0xae|0xb3|0xe0|0xaf|0x81|4
ளூ|X|0xE306|0xe0|0xae|0xb3|0xe0|0xaf|0x82|5
ளெ|X|0xE307|0xe0|0xae|0xb3|0xe0|0xaf|0x86|6
ளே|X|0xE308|0xe0|0xae|0xb3|0xe0|0xaf|0x87|7
ளை|X|0xE309|0xe0|0xae|0xb3|0xe0|0xaf|0x88|8
ளொ|X|0xE30A|0xe0|0xae|0xb3|0xe0|0xaf|0x8a|9
ளோ|X|0xE30B|0xe0|0xae|0xb3|0xe0|0xaf|0x8b|10
ளௌ|X|0xE30C|0xe0|0xae|0xb3|0xe0|0xaf|0x8c|11
ற்|X|0xE310|0xe0|0xae|0xb1|0xe0|0xaf|0x8d|-1
ற|X|0xE311|0xe0|0xae|0xb1||||0
றா|X|0xE312|0xe0|0xae|0xb1|0xe0|0xae|0xbe|1
றி|X|0xE313|0xe0|0xae|0xb1|0xe0|0xae|0xbf|2
றீ|X|0xE314|0xe0|0xae|0xb1|0xe0|0xaf|0x80|3
று|X|0xE315|0xe0|0xae|0xb1|0xe0|0xaf|0x81|4
றூ|X|0xE316|0xe0|0xae|0xb1|0xe0|0xaf|0x82|5
றெ|X|0xE317|0xe0|0xae|0xb1|0xe0|0xaf|0x86|6
றே|X|0xE318|0xe0|0xae|0xb1|0xe0|0xaf|0x87|7
றை|X|0xE319|0xe0|0xae|0xb1|0xe0|0xaf|0x88|8
றொ|X|0xE31A|0xe0|0xae|0xb1|0xe0|0xaf|0x8a|9
றோ|X|0xE31B|0xe0|0xae|0xb1|0xe0|0xaf|0x8b|10
றௌ|X|0xE31C|0xe0|0xae|0xb1|0xe0|0xaf|0x8c|11
ன்|X|0xE320|0xe0|0xae|0xa9|0xe0|0xaf|0x8d|-1
ன|X|0xE321|0xe0|0xae|0xa9||||0
னா|X|0xE322|0xe0|0xae|0xa9|0xe0|0xae|0xbe|1
னி|X|0xE323|0xe0|0xae|0xa9|0xe0|0xae|0xbf|2
னீ|X|0xE324|0xe0|0xae|0xa9|0xe0|0xaf|0x80|3
னு|X|0xE325|0xe0|0xae|0xa9|0xe0|0xaf|0x81|4
னூ|X|0xE326|0xe0|0xae|0xa9|0xe0|0xaf|0x82|5
னெ|X|0xE327|0xe0|0xae|0xa9|0xe0|0xaf|0x86|6
னே|X|0xE328|0xe0|0xae|0xa9|0xe0|0xaf|0x87|7
னை|X|0xE329|0xe0|0xae|0xa9|0xe0|0xaf|0x88|8
னொ|X|0xE32A|0xe0|0xae|0xa9|0xe0|0xaf|0x8a|9
னோ|X|0xE32B|0xe0|0xae|0xa9|0xe0|0xaf|0x8b|10
னௌ|X|0xE32C|0xe0|0xae|0xa9|0xe0|0xaf|0x8c|11
 ஜ்|X|0xE330|0xe0|0xae|0x9c|0xe0|0xaf|0x8d|-1
ஜ|X|0xE331|0xe0|0xae|0x9c||||0
ஜா|X|0xE332|0xe0|0xae|0x9c|0xe0|0xae|0xbe|1
ஜி|X|0xE333|0xe0|0xae|0x9c|0xe0|0xae|0xbf|2
ஜீ|X|0xE334|0xe0|0xae|0x9c|0xe0|0xaf|0x80|3
ஜு|X|0xE335|0xe0|0xae|0x9c|0xe0|0xaf|0x81|4
ஜூ|X|0xE336 |0xe0|0xae|0x9c|0xe0|0xaf|0x82|5
ஜெ|X|0xE337|0xe0|0xae|0x9c|0xe0|0xaf|0x86|6
ஜே|X|0xE338|0xe0|0xae|0x9c|0xe0|0xaf|0x87|7
ஜை|X|0xE339|0xe0|0xae|0x9c|0xe0|0xaf|0x88|8
ஜொ|X|0xE33A|0xe0|0xae|0x9c|0xe0|0xaf|0x8a|9
ஜோ|X|0xE33B|0xe0|0xae|0x9c|0xe0|0xaf|0x8b|10
ஜௌ|X|0xE33C|0xe0|0xae|0x9c|0xe0|0xaf|0x8c|11
ஶ்|X|0xE340|0xe0|0xae|0xb6|0xe0|0xaf|0x8d|-1
ஶ|X|0xE341|0xe0|0xae|0xb6||||0
ஶா|X|0xE342|0xe0|0xae|0xb6|0xe0|0xae|0xbe|1
ஶி|X|0xE343|0xe0|0xae|0xb6|0xe0|0xae|0xbf|2
ஶீ|X|0xE344|0xe0|0xae|0xb6|0xe0|0xaf|0x80|3
ஶு|X|0xE345|0xe0|0xae|0xb6|0xe0|0xaf|0x81|4
ஶூ|X|0xE346|0xe0|0xae|0xb6|0xe0|0xaf|0x82|5
ஶெ|X|0xE347|0xe0|0xae|0xb6|0xe0|0xaf|0x86|6
ஶே|X|0xE348|0xe0|0xae|0xb6|0xe0|0xaf|0x87|7
ஶை|X|0xE349|0xe0|0xae|0xb6|0xe0|0xaf|0x88|8
ஶொ|X|0xE34A|0xe0|0xae|0xb6|0xe0|0xaf|0x8a|9
ஶோ|X|0xE34B|0xe0|0xae|0xb6|0xe0|0xaf|0x8b|10
ஶௌ|X|0xE34C|0xe0|0xae|0xb6|0xe0|0xaf|0x8c|11
ஷ்|X|0xE350|0xe0|0xae|0xb7|0xe0|0xaf|0x8d|-1
ஷ|X|0xE351|0xe0|0xae|0xb7||||0
ஷா|X|0xE352|0xe0|0xae|0xb7|0xe0|0xae|0xbe|1
ஷி|X|0xE353|0xe0|0xae|0xb7|0xe0|0xae|0xbf|2
ஷீ|X|0xE354|0xe0|0xae|0xb7|0xe0|0xaf|0x80|3
ஷு|X|0xE355|0xe0|0xae|0xb7|0xe0|0xaf|0x81|4
ஷூ|X|0xE356|0xe0|0xae|0xb7|0xe0|0xaf|0x82|5
ஷெ|X|0xE357|0xe0|0xae|0xb7|0xe0|0xaf|0x86|6
ஷே|X|0xE358|0xe0|0xae|0xb7|0xe0|0xaf|0x87|7
ஷை|X|0xE359|0xe0|0xae|0xb7|0xe0|0xaf|0x88|8
ஷொ|X|0xE35A|0xe0|0xae|0xb7|0xe0|0xaf|0x8a|9
ஷோ|X|0xE35B|0xe0|0xae|0xb7|0xe0|0xaf|0x8b|10
ஷௌ|X|0xE35C|0xe0|0xae|0xb7|0xe0|0xaf|0x8c|11
ஸ்|X|0xE360|0xe0|0xae|0xb8|0xe0|0xaf|0x8d|-1
ஸ|X|0xE361|0xe0|0xae|0xb8||||0
ஸா|X|0xE362|0xe0|0xae|0xb8|0xe0|0xae|0xbe|1
ஸி|X|0xE363|0xe0|0xae|0xb8|0xe0|0xae|0xbf|2
ஸீ|X|0xE364|0xe0|0xae|0xb8|0xe0|0xaf|0x80|3
ஸு|X|0xE365|0xe0|0xae|0xb8|0xe0|0xaf|0x81|4
ஸூ|X|0xE366|0xe0|0xae|0xb8|0xe0|0xaf|0x82|5
ஸெ|X|0xE367|0xe0|0xae|0xb8|0xe0|0xaf|0x86|6
ஸே|X|0xE368|0xe0|0xae|0xb8|0xe0|0xaf|0x87|7
ஸை|X|0xE369|0xe0|0xae|0xb8|0xe0|0xaf|0x88|8
ஸொ|X|0xE36A|0xe0|0xae|0xb8|0xe0|0xaf|0x8a|9
ஸோ|X|0xE36B|0xe0|0xae|0xb8|0xe0|0xaf|0x8b|10
ஸௌ|X|0xE36C|0xe0|0xae|0xb8|0xe0|0xaf|0x8c|11
ஹ்|X|0xE370|0xe0|0xae|0xb9|0xe0|0xaf|0x8d|-1
ஹ|X|0xE371|0xe0|0xae|0xb9||||0
ஹா|X|0xE372|0xe0|0xae|0xb9|0xe0|0xae|0xbe|1
ஹி|X|0xE373|0xe0|0xae|0xb9|0xe0|0xae|0xbf|2
ஹீ|X|0xE374|0xe0|0xae|0xb9|0xe0|0xaf|0x80|3
ஹு|X|0xE375|0xe0|0xae|0xb9|0xe0|0xaf|0x81|4
ஹூ|X|0xE376|0xe0|0xae|0xb9|0xe0|0xaf|0x82|5
ஹெ|X|0xE377|0xe0|0xae|0xb9|0xe0|0xaf|0x86|6
ஹே|X|0xE378|0xe0|0xae|0xb9|0xe0|0xaf|0x87|7
ஹை|X|0xE379|0xe0|0xae|0xb9|0xe0|0xaf|0x88|8
ஹொ|X|0xE37A|0xe0|0xae|0xb9|0xe0|0xaf|0x8a|9
ஹோ|X|0xE37B|0xe0|0xae|0xb9|0xe0|0xaf|0x8b|10
ஹௌ|X|0xE37C|0xe0|0xae|0xb9|0xe0|0xaf|0x8c|11
க்ஷ்||0xE380|||||||0
க்ஷ||0xE381|||||||0
க்ஷா||0xE382|||||||0
க்ஷி||0xE383|||||||0
க்ஷீ||0xE384|||||||0
க்ஷு||0xE385|||||||0
க்ஷூ||0xE386|||||||0
க்ஷெ||0xE387|||||||0
க்ஷே||0xE388|||||||0
க்ஷை||0xE389|||||||0
க்ஷொ||0xE38A|||||||0
க்ஷோ||0xE38B|||||||0
க்ஷௌ||0xE38C|||||||0
ஸ்ரீ||0xE38D|||||||0
்|X|0xE1F0|0xe0|0xae|0x82||||0
ா|X|0xE1F2|0xe0|0xae|0xbe||||0
ி|X|0xE1F3|0xe0|0xae|0xbf||||0
ீ|X|0xE1F4|0xe0|0xaf|0x80||||0
ு|X|0xE1F5|0xe0|0xaf|0x81||||0
ூ|X|0xE1F6|0xe0|0xaf|0x82||||0
ெ|X|0xE1F7|0xe0|0xaf|0x86||||0
ே|X|0xE1F8|0xe0|0xaf|0x87||||0
ை|X|0xE1F9|0xe0|0xaf|0x88||||9
ொ|X|0xE1FA|0xe0|0xaf|0x8a||||0
ோ|X|0xE1FB|0xe0|0xaf|0x8b||||0
ௌ|X|0xE1FC|0xe0|0xaf|0x8c||||0
௦|X|0xE180|0xe0|0xaf|0xa6||||0
௧|X|0xE181|0xe0|0xaf|0xa7||||0
௨|X|0xE182|0xe0|0xaf|0xa8||||0
௩|X|0xE183|0xe0|0xaf|0xa9||||0
௪|X|0xE184|0xe0|0xaf|0xaa||||0
௫|X|0xE185|0xe0|0xaf|0xab||||0
௬|X|0xE186|0xe0|0xaf|0xac||||0
௭|X|0xE187|0xe0|0xaf|0xad||||0
௮|X|0xE188|0xe0|0xaf|0xae||||0
௯|X|0xE189|0xe0|0xaf|0xaf||||9
௰|X|0xE18A|0xe0|0xaf|0xb0||||0
௱|X|0xE18B|0xe0|0xaf|0xb1||||0
௲|X|0xE18C|0xe0|0xaf|0xb2||||0
௳|X|0xE100|0xe0|0xaf|0xb3||||0
௴|X|0xE101|0xe0|0xaf|0xb4||||0
௵|X|0xE102|0xe0|0xaf|0xb5||||0
௶|X|0xE103|0xe0|0xaf|0xb6||||0
௷|X|0xE104|0xe0|0xaf|0xb7||||0
௸|X|0xE105|0xe0|0xaf|0xb8||||0
௹|X|0xE106|0xe0|0xaf|0xb9||||0
௺|X|0xE107|0xe0|0xaf|0xba||||0
பௌர்ணமி||0xE108|||||||0
அமாவாசை||0xE109|||||||9
கார்த்திகை||0xE10A|||||||0
ராஜ||0xE10B|||||||0
ௐ|X|0xE10C|0xe0|0xaf|0x90||||0
அரைக்கால்||0xE1A0|||||||0
கால்||0xE1A1|||||||0
அரை||0xE1A2|||||||0
முக்கால்||0xE1A3|||||||0
அரைவீசம்||0xE1A4|||||||0
வீசம்||0xE1A5|||||||0
மூவீசம்||0xE1A6|||||||0
அரைமா||0xE1A7|||||||0
ஒருமா||0xE1A8|||||||0
இரண்டுமா||0xE1A9|||||||0
மும்மா||0xE1AA|||||||9
நாலுமா||0xE1AB|||||||0
முந்திரி||0xE1AC|||||||0
அரைக்காணி||0xE1AD|||||||0
காணி||0xE1AE|||||||0
முக்காணி||0xE1AF|||||||0
